state,entry_condition,allowed_contactors,exit_condition,fault_action,reset_authority
OFF,service_disconnect_open,none,valid_pack_and_wake,remain_deenergized,operator
SELF_TEST,wake_request,none,all_sensors_and_config_valid,latch_fault,service_owner
STANDBY,self_test_passed,none,authorized_charge_or_run_request,latch_fault,operator
PRECHARGE,run_request_and_safety_chain_ok,precharge_only,bus_ratio_and_timeout_pass,open_all_contactors,service_owner
RUN,precharge_passed,precharge_and_main,stop_request_or_trip,open_all_contactors,operator_plus_service
CHARGE,approved_charger_and_temperature_ok,charge_only,full_unplug_or_trip,open_all_contactors,operator
DERATE,warning_threshold_crossed,active_path_with_reduced_limit,hysteresis_recovery_or_trip,reduce_limit_or_latch,BMS
FAULT_LATCHED,protection_trip_or_invalid_state,none,trigger_cleared_and_local_reset,remain_deenergized,service_owner
SERVICE,authenticated_maintenance_request,none,service_exit_and_self_test,remain_deenergized,service_owner
